Name,Folder,Match,Topics,Difficulty,Link
3 Sum,topics/TwoPointers/3Sum,verified,Two Pointers,Medium,https://maang.in/problems/3-Sum-65?resourceUrl=pl3476-rs65&returnUrl=%5B%22/cohorts/AZ-Premium-Cohort-14-70?tab%3Dassignments%22%5D
All Pairs Shortest Path,topics/Graphs/AllPairsShortestPath,exact,Graphs,Medium,https://maang.in/problems/All-Pairs-Shortest-Path-431?resourceUrl=pl3596-rs431&returnUrl=%5B%22/cohorts/AZ-Premium-Cohort-14-70?tab%3Dassignments%22%5D
Android Unlock Pattern,topics/Backtracking/AndroidUnlockPattern,exact,Backtracking LCCM,Hard,https://maang.in/problems/Android-Unlock-Pattern-486?resourceUrl=pl3524-rs486&returnUrl=%5B%22/cohorts/AZ-Premium-Cohort-14-70?tab%3Dassignments%22%5D
Area & Perimeter Of Connected Component,topics/Graphs/AreaPerimeterOfConnectedComponents,verified,Graphs,Hard,https://maang.in/problems/Area-and-Perimeter-of-Connected-Components-422?resourceUrl=pl3549-rs422&returnUrl=%5B%22/cohorts/AZ-Premium-Cohort-14-70?tab%3Dassignments%22%5D
Bellman Ford Revisited,topics/Graphs/BellmanFordRevisited,exact,Graphs,Medium,https://maang.in/problems/BellmanFord-Revisited-209?resourceUrl=pl3595-rs209&returnUrl=%5B%22/cohorts/AZ-Premium-Cohort-14-70?tab%3Dassignments%22%5D
Bitonic Array,topics/BinarySearch/BitonicArray,exact,Binary Search,Easy,https://maang.in/problems/Bitonic-Array-107?resourceUrl=pl3459-rs107&returnUrl=%5B%22/cohorts/AZ-Premium-Cohort-14-70?tab%3Dassignments%22%5D
Budget Travelling,topics/Graphs/BudgetTravelling,exact,Graphs,Hard,https://maang.in/problems/Budget-Travelling-615?resourceUrl=pl3597-rs615&returnUrl=%5B%22/cohorts/AZ-Premium-Cohort-14-70?tab%3Dassignments%22%5D
Building Roads,topics/Graphs/BuildingRoads,exact,Graphs,Easy,https://maang.in/problems/Building-Roads-192?resourceUrl=pl3547-rs192&returnUrl=%5B%22/cohorts/AZ-Premium-Cohort-14-70?tab%3Dassignments%22%5D
Burn Them All,topics/Graphs/BurnThemAll,exact,Graphs,Medium,https://maang.in/problems/Burn-them-All-618?resourceUrl=pl3594-rs618&returnUrl=%5B%22/cohorts/AZ-Premium-Cohort-14-70?tab%3Dassignments%22%5D
Buy Maximum Objects II,topics/PrefixSums/BuyMaximumObjects2,verified,"Arrays, PrefixSum",Easy,https://maang.in/problems/Buy-Maximum-Objects-II-74?resourceUrl=pl3443-rs74&returnUrl=%5B%22/cohorts/AZ-Premium-Cohort-14-70?tab%3Dassignments%22%5D
Classroom,topics/BinarySearch/ClassRoom,verified,Binary Search,Medium,https://maang.in/problems/ClassRoom-471?resourceUrl=pl3462-rs471&returnUrl=%5B%22/cohorts/AZ-Premium-Cohort-14-70?tab%3Dassignments%22%5D
Colour Tree,topics/Graphs/ColourTree,exact,Graphs,Medium,https://maang.in/problems/Colour-Tree-416?resourceUrl=pl3546-rs416&returnUrl=%5B%22/cohorts/AZ-Premium-Cohort-14-70?tab%3Dassignments%22%5D
Complete the Game,topics/Graphs/CompleteTheGame,exact,Graphs,Medium,https://maang.in/problems/Complete-the-Game-432?resourceUrl=pl3550-rs432&returnUrl=%5B%22/cohorts/AZ-Premium-Cohort-14-70?tab%3Dassignments%22%5D
Connected Components Size,topics/Graphs/ConnectedComponentsSize,exact,Graphs,Medium,https://maang.in/problems/Connected-Component-Size-684?resourceUrl=pl3547-rs684&returnUrl=%5B%22/cohorts/AZ-Premium-Cohort-14-70?tab%3Dassignments%22%5D
Consecutive Ones,topics/TwoPointers/ConsecutiveOnes,exact,Two Pointers,Medium,https://maang.in/problems/Consecutive-one-44?resourceUrl=pl3461-rs44&returnUrl=%5B%22/cohorts/AZ-Premium-Cohort-14-70?tab%3Dassignments%22%5D
Container with Most Water,topics/TwoPointers/ContainerWithMostWater,verified,Two Pointers,Medium,https://leetcode.com/problems/container-with-most-water/solutions/
Count subarrays with sum k ,topics/PrefixSums/CountSubarraysWithSumK,verified,"HashMap, PrefixSum",Medium,https://leetcode.com/problems/subarray-sum-equals-k/submissions/
Count the Pairs,topics/TwoPointers/CountThePairs,exact,"Arrays, Two Pointers",Medium,https://maang.in/problems/Count-the-Pairs-396?resourceUrl=pl3446-rs396&returnUrl=%5B%22/cohorts/AZ-Premium-Cohort-14-70?tab%3Dassignments%22%5D
Count unique char in String ,topics/ContributionTechnique/CountUniqueCharInSubstring,verified,Arrays,Hard,https://maang.in/problems/Count-Unique-Char-in-Substrings-63?resourceUrl=pl4655-rs63&returnUrl=%5B%22/cohorts/AZ-Premium-Cohort-14-70?tab%3Dassignments%22%5D
Creating Teams,topics/Graphs/CreatingTeams,exact,Graphs,Medium,https://maang.in/problems/Creating-Teams-193?resourceUrl=pl3548-rs193&returnUrl=%5B%22/cohorts/AZ-Premium-Cohort-14-70?tab%3Dassignments%22%5D
Deque AZ101,topics/DequeAndOrderedSet/DequeAZ101,exact,Deque,Easy,"https://maang.in/problems/Deque-AZ101-353?resourceUrl=pl3442-rs353&returnUrl=[""/cohorts/AZ-Premium-Cohort-14-70?tab%3Dassignments""]"
Design Event Manager,topics/Maps/DesignEventManager,exact,"HashMap, Sets",Medium,https://leetcode.com/problems/design-event-manager/description/
Easy Graph Queries,topics/Graphs/EasyGraphQueries,exact,Graphs,Easy,https://maang.in/problems/Easy-Graph-Queries-400?resourceUrl=pl3545-rs400&returnUrl=%5B%22/cohorts/AZ-Premium-Cohort-14-70?tab%3Dassignments%22%5D
Edge Reverse,topics/Graphs/EdgeReverse,exact,Graphs,Medium,https://maang.in/problems/Edge-Reverse-900?resourceUrl=pl3553-rs900&returnUrl=%5B%22/cohorts/AZ-Premium-Cohort-14-70?tab%3Dassignments%22%5D
Factory Machines,topics/BinarySearch/FactoryMachines,exact,Binary Search,Medium,https://cses.fi/problemset/task/1620/
Famous Painter Partition,topics/BinarySearch/PainterPartition,verified,Binary Search,Medium,https://maang.in/problems/Famous-Painter-Partition-Problem-472
Fast Solving,topics/GreedyAndSweepLine/FastSolving,exact,Arrays,Medium,"https://maang.in/problems/Fast-Solving-225?resourceUrl=pl4958-rs225&returnUrl=[""/cohorts/AZ-Premium-Cohort-14-70?tab%3Dassignments""]"
Fibonacci Breakdown,topics/GreedyAndSweepLine/FibonnaciBreakdown,verified,Greedy,Medium,"https://maang.in/problems/Fibonacci-Breakdown-224?resourceUrl=pl4957-rs224&returnUrl=[""/cohorts/AZ-Premium-Cohort-14-70?tab%3Dassignments""]"
Find Median from Data Stream,topics/PriorityQueue/FindMedianFromDataStream,verified,Heaps,Medium,https://leetcode.com/problems/find-median-from-data-stream/
Find Number of Rooms,topics/Graphs/FindTheNumberOfRooms,verified,Graphs,Medium,https://maang.in/problems/Find-the-Number-of-Rooms-191?resourceUrl=pl3546-rs191&returnUrl=%5B%22/cohorts/AZ-Premium-Cohort-14-70?tab%3Dassignments%22%5D
Find Peak ,topics/BinarySearch/FindPeakElement,verified,"Arrays, Binary Search",,https://leetcode.com/problems/find-peak-element/
Generate Valid Parentheses LCCM,topics/Backtracking/GenerateBalancedParanthesis,verified,Backtracking LCCM,Medium,https://maang.in/problems/Generate-Balanced-Parenthesis-medium-version-485?resourceUrl=pl3524-rs485&returnUrl=%5B%22/cohorts/AZ-Premium-Cohort-14-70?tab%3Dassignments%22%5D
Generating Permutations AZ101,topics/TwoPointers/GeneratingPermutations,verified,"Arrays, Two Pointers",Medium,https://maang.in/problems/Generating-Permutations-AZ101-366?resourceUrl=pl3436-rs366&returnUrl=%5B%22/cohorts/AZ-Premium-Cohort-14-70?tab%3Dassignments%22%5D
Good Pairs,topics/TwoPointers/GoodPairs,verified,Two Pointers,Medium,https://maang.in/problems/Good-Pairs-AZ101-377?resourceUrl=pl3462-rs377&returnUrl=%5B%22/cohorts/AZ-Premium-Cohort-14-70?tab%3Dassignments%22%5D
Good Sequence AZ101,topics/Maps/GoodSequenceAZ101,exact,HashMap,Easy,https://maang.in/problems/Good-Sequence-AZ101-375?resourceUrl=pl3438-rs375&returnUrl=%5B%22/cohorts/AZ-Premium-Cohort-14-70?tab%3Dassignments%22%5D
Indexed Set,topics/DequeAndOrderedSet/IndexedSet,exact,"Arrays, Binary Search, Indexed Set",Easy,https://maang.in/problems/Indexed-Set-367?resourceUrl=pl3442-rs367&returnUrl=%5B%22/cohorts/AZ-Premium-Cohort-14-70?tab%3Dassignments%22%5D
Infected People,topics/Graphs/InfectedPeople,exact,Graphs,Medium,https://maang.in/problems/Infected-People-589?resourceUrl=pl3549-rs589&returnUrl=%5B%22/cohorts/AZ-Premium-Cohort-14-70?tab%3Dassignments%22%5D
Interesting Game,topics/GreedyAndSweepLine/InterestingGame,exact,"Arrays, Greedy",Medium,https://maang.in/problems/Interesting-Game-76?resourceUrl=pl3446-rs76&returnUrl=%5B%22/cohorts/AZ-Premium-Cohort-14-70?tab%3Dassignments%22%5D
Jump Game,topics/Graphs/JumpGame,exact,Graphs,Hard,https://maang.in/problems/Jump-Game-897?resourceUrl=pl3599-rs897&returnUrl=%5B%22/cohorts/AZ-Premium-Cohort-14-70?tab%3Dassignments%22%5D
KWALK,topics/Graphs/Kwalk,exact,Graphs,Medium,https://maang.in/problems/KWALK-607?resourceUrl=pl3547-rs607&returnUrl=%5B%22/cohorts/AZ-Premium-Cohort-14-70?tab%3Dassignments%22%5D
Kth Permutation Easy,topics/Recursion/KthPermutationEasy,exact,Recursion,Hard,https://maang.in/problems/Kth-Permutation-easy-version-476?resourceUrl=pl3523-rs476&returnUrl=%5B%22/cohorts/AZ-Premium-Cohort-14-70?tab%3Dassignments%22%5D
Kth Sum Value,topics/BinarySearch/KthSumValue,exact,Binary Search,Medium,https://maang.in/problems/Kth-Sum-Value-102?resourceUrl=pl3461-rs102&returnUrl=%5B%22/cohorts/AZ-Premium-Cohort-14-70?tab%3Dassignments%22%5D
Labryinth,topics/Graphs/Labyrinth,verified,Graphs,Medium,https://cses.fi/problemset/task/1193/
Length of Longest Subarray With at Most K Frequency,topics/TwoPointers/LengthOfLongestSubarrayWithAtmostKFrequency,verified,"Arrays, Two Pointers",Medium,https://leetcode.com/problems/length-of-longest-subarray-with-at-most-k-frequency/description/?envType=daily-question&envId=2026-08-12
Longest Repeating Character Replacement,topics/TwoPointers/LongestRepeatingCharacterReplacement,verified,Two Pointers,Medium,https://leetcode.com/problems/longest-repeating-character-replacement/
Magical Candy,topics/PriorityQueue/MagicalCandyBag,verified,Priority Queue,Easy,https://maang.in/problems/The-Magical-Candy-Bag-AZ101-365?resourceUrl=pl3439-rs365&returnUrl=%5B%22/cohorts/AZ-Premium-Cohort-14-70?tab%3Dassignments%22%5D
Make it Smooth,topics/GreedyAndSweepLine/MakeItSmooth,exact,Arrays,Medium,https://maang.in/problems/Make-it-smooth-222?resourceUrl=pl4958-rs222&returnUrl=%5B%22/cohorts/AZ-Premium-Cohort-14-70?tab%3Dassignments%22%5D
Max Points on Line,topics/GreedyAndSweepLine/MaxPointsOnLine,exact,Greedy,Hard,https://leetcode.com/problems/max-points-on-a-line/description/
Maximise The Fraction,topics/BinarySearch/MaximiseTheFraction,exact,Binary Search,Hard,https://maang.in/problems/Maximise-the-fraction-105?resourceUrl=pl3462-rs105&returnUrl=%5B%22/cohorts/AZ-Premium-Cohort-14-70?tab%3Dassignments%22%5D
Maximum in Window,topics/DequeAndOrderedSet/MaximumInWindow,exact,"Arrays, Deque, MultiSets",Medium,https://maang.in/problems/Maximum-in-Window-77?resourceUrl=pl3445-rs77&returnUrl=%5B%22/cohorts/AZ-Premium-Cohort-14-70?tab%3Dassignments%22%5D
Median of Sub arrays,topics/TwoPointers/MedianOfSubarraySum,verified,"Binary Search, Two Pointers",Hard,https://maang.in/problems/Median-of-Subarray-Sum-45?resourceUrl=pl3477-rs45&returnUrl=%5B%22/cohorts/AZ-Premium-Cohort-14-70?tab%3Dassignments%22%5D
Min Max Difference,topics/BinarySearch/MinimizeMaxDifference,verified,Binary Search,Medium,https://maang.in/problems/Minimise-Max-Diff-46?resourceUrl=pl3460-rs46&returnUrl=%5B%22/cohorts/AZ-Premium-Cohort-14-70?tab%3Dassignments%22%5D
Minimise the Dot,topics/GreedyAndSweepLine/MinimisingDotProduct,verified,Greedy,Easy,https://maang.in/problems/Minimizing-Dot-Problem-96?resourceUrl=pl4961-rs96&returnUrl=%5B%22/cohorts/AZ-Premium-Cohort-14-70?tab%3Dassignments%22%5D
Monsters,topics/Graphs/Monsters,exact,Graphs,Medium,https://cses.fi/problemset/task/1194
Multi Map AZ101,topics/PriorityQueue/MultiMapAZ101,exact,"HashMap, Queues",Easy,https://maang.in/problems/Multimap-AZ101-363?resourceUrl=pl3439-rs363&returnUrl=%5B%22/cohorts/AZ-Premium-Cohort-14-70?tab%3Dassignments%22%5D
N Queens,topics/Backtracking/NQueens,verified,Backtracking LCCM,Hard,https://leetcode.com/problems/n-queens/
N Queens Revisited,topics/Backtracking/NQueensRevisited,verified,Backtracking LCCM,Medium,https://maang.in/problems/NQueens-Revisited-143?resourceUrl=pl3524-rs143&returnUrl=%5B%22/cohorts/AZ-Premium-Cohort-14-70?tab%3Dassignments%22%5D
Nearest Exit From Entrance,topics/Graphs/NearestExitFromEntrance,verified,Graphs,Medium,https://leetcode.com/problems/nearest-exit-from-entrance-in-maze/submissions/2078779758/
Number & Sum of Digits,topics/BinarySearch/NumberAndSumOfDigits,verified,Binary Search,Easy,https://maang.in/problems/Number-Sum-of-Digit-26?resourceUrl=pl3459-rs26&returnUrl=%5B%22/cohorts/AZ-Premium-Cohort-14-70?tab%3Dassignments%22%5D
Number of Islands,topics/Graphs/NumberOfIslands,verified,Graphs,Medium,https://leetcode.com/problems/number-of-islands/description/
Number of Subarray with at most K sum,topics/TwoPointers/NumberOfSubarrayWithSumAtmostK,verified,Two Pointers,Medium,https://maang.in/problems/Number-of-Subarray-with-sum-at-most-K-59?resourceUrl=pl3467-rs59&returnUrl=%5B%22/cohorts/AZ-Premium-Cohort-14-70?tab%3Dassignments%22%5D
One Edge,topics/Graphs/OneEdge,exact,Graphs,Medium,https://maang.in/problems/One-Edge-196?resourceUrl=pl3545-rs196&returnUrl=%5B%22/cohorts/AZ-Premium-Cohort-14-70?tab%3Dassignments%22%5D
One Peice,topics/Graphs/OnePiece,verified,Graphs,Hard,https://maang.in/problems/One-Piece-902?resourceUrl=pl3553-rs902&returnUrl=%5B%22/cohorts/AZ-Premium-Cohort-14-70?tab%3Dassignments%22%5D
Points on Line,topics/TwoPointers/PointsOnLine,exact,"Arrays, Binary Search",Medium,https://codeforces.com/problemset/problem/251/A
Possible Bipartition,topics/Graphs/PossibleBipartition,verified,Graphs,Medium,https://leetcode.com/problems/possible-bipartition/submissions/2082352602/
Predict The Winner,topics/DynamicProgramming/PredictTheWinner,exact,DP,Medium,https://leetcode.com/problems/predict-the-winner/submissions/2090352416/?envType=daily-question&envId=2026-08-01
Queues AZ101,topics/StackAndQueues/QueueAZ101,verified,Queues,Easy,https://maang.in/problems/Queue-AZ101-349?resourceUrl=pl3437-rs349&returnUrl=%5B%22/cohorts/AZ-Premium-Cohort-14-70?tab%3Dassignments%22%5D
Queues using 2 stacks,topics/StackAndQueues/QueueUsing2Stacks,verified,"Queues, Stacks",Easy,https://maang.in/problems/Queue-using-2-Stacks-AZ101-350?resourceUrl=pl3437-rs350&returnUrl=%5B%22/cohorts/AZ-Premium-Cohort-14-70?tab%3Dassignments%22%5D
Reduce the Array,topics/PriorityQueue/ReduceArray,verified,Priority Queue,Easy,https://maang.in/problems/Reduce-the-Array-AZ101-376?resourceUrl=pl3439-rs376&returnUrl=%5B%22/cohorts/AZ-Premium-Cohort-14-70?tab%3Dassignments%22%5D
Rotated Sorted Array,topics/BinarySearch/RotatedBinarySearch,verified,Binary Search,Easy,https://maang.in/problems/Rotated-Sorted-Array-108?resourceUrl=pl3459-rs108&returnUrl=%5B%22/cohorts/AZ-Premium-Cohort-14-70?tab%3Dassignments%22%5D
Rotting Organges,topics/Graphs/RottingOranges,verified,Graphs,Medium,https://leetcode.com/problems/rotting-oranges/description/
Round Trip ,topics/Graphs/RoundTrip,exact,Graphs,Medium,https://maang.in/problems/Round-Trip-194?resourceUrl=pl3548-rs194&returnUrl=%5B%22/cohorts/AZ-Premium-Cohort-14-70?tab%3Dassignments%22%5D
Round Trip II,topics/Graphs/RoundTrip2,verified,Graphs,Medium,https://maang.in/problems/Round-Trip-II-388?resourceUrl=pl3548-rs388&returnUrl=%5B%22/cohorts/AZ-Premium-Cohort-14-70?tab%3Dassignments%22%5D
STL Searching ,topics/BinarySearch/STLSearching,verified,"Arrays, Binary Search",Easy,https://maang.in/problems/STL-Searching-395?resourceUrl=pl3443-rs395&returnUrl=%5B%22/cohorts/AZ-Premium-Cohort-14-70?tab%3Dassignments%22%5D
Set Operations AZ101,topics/Sets/SetOperationsAZ101,exact,Sets,Easy,https://maang.in/problems/Set-Operations-AZ101-372?resourceUrl=pl3440-rs372&returnUrl=%5B%22/cohorts/AZ-Premium-Cohort-14-70?tab%3Dassignments%22%5D
Shortest Path II,topics/Graphs/ShortestPathII,exact,Graphs,Medium,https://maang.in/problems/Shortest-Path-II-208?resourceUrl=pl3596-rs208&returnUrl=%5B%22/cohorts/AZ-Premium-Cohort-14-70?tab%3Dassignments%22%5D
Shortest Path in Binary Matrix,topics/Graphs/ShortestPathInBinaryMatrix,verified,Graphs,Medium,https://leetcode.com/problems/shortest-path-in-binary-matrix/submissions/2081752591/
Shortest Route I,topics/Graphs/ShortestPathI,verified,Graphs,Medium,https://maang.in/problems/Shortest-Path-I-207?resourceUrl=pl3594-rs207&returnUrl=%5B%22/cohorts/AZ-Premium-Cohort-14-70?tab%3Dassignments%22%5D
Smallest Palindromic Arrangement II,topics/Strings/SmallestPalindromicArrangement,verified,"Maths, Permuations",Hard,https://leetcode.com/problems/smallest-palindromic-rearrangement-ii/?envType=daily-question&envId=2026-07-29
Smallest Permutation,topics/Graphs/SmallestPermutation,exact,Graphs,Medium,https://maang.in/problems/Smallest-Permutation-898?resourceUrl=pl3550-rs898&returnUrl=%5B%22/cohorts/AZ-Premium-Cohort-14-70?tab%3Dassignments%22%5D
Smallest Range Covering Elements from K Lists,topics/TwoPointers/SmallestRangeCoveringFromKLists,verified,Two Pointers,Hard,https://leetcode.com/problems/smallest-range-covering-elements-from-k-lists/description/
Snakes & Ladder,topics/Graphs/SnakesAndLadder,verified,Graphs,Medium,https://maang.in/problems/Snakes-and-Ladders-927?resourceUrl=pl3598-rs927&returnUrl=%5B%22/cohorts/AZ-Premium-Cohort-14-70?tab%3Dassignments%22%5D
Stone Game II — LeetCode 1140,topics/DynamicProgramming/StoneGameII,verified,DP,Medium,https://leetcode.com/problems/stone-game-ii/?envType=daily-question&envId=2026-08-09
Stone Game III,topics/DynamicProgramming/StoneGameIII,exact,"DP, Recursion",Hard,https://leetcode.com/problems/stone-game-iii/?envType=daily-question&envId=2026-08-03
Stone Game IV,topics/DynamicProgramming/StoneGameIV,exact,DP,Hard,https://leetcode.com/problems/stone-game-iv/submissions/2101829163/?envType=daily-question&envId=2026-08-10
Towers AZ101,topics/MultiSet/TowersAZ101,exact,MultiSets,Medium,https://maang.in/problems/Towers-AZ101-362?resourceUrl=pl3441-rs362&returnUrl=%5B%22/cohorts/AZ-Premium-Cohort-14-70?tab%3Dassignments%22%5D
Valid Paranthesis AZ101,topics/StackAndQueues/ValidParanthesisAZ101,exact,"Arrays, Stacks",Easy,"https://maang.in/problems/Valid-Parentheses-AZ101-348?resourceUrl=pl3444-rs348&returnUrl=[""/cohorts/AZ-Premium-Cohort-14-70?tab%3Dassignments""]"
